isic_id,attribution,copyright_license,age_approx,anatom_site_general,anatom_site_special,diagnosis_1,diagnosis_2,diagnosis_3,image_type,sex
ISIC_0172164,International Dermoscopy Society,CC-BY-NC,45,lower extremity,acral palms or soles,Malignant,Malignant melanocytic proliferations (Melanoma),Melanoma Invasive,dermoscopic,male
ISIC_0290929,International Dermoscopy Society,CC-BY-NC,85,lower extremity,acral palms or soles,Malignant,Malignant melanocytic proliferations (Melanoma),Melanoma Invasive,dermoscopic,male
ISIC_0307245,International Dermoscopy Society,CC-BY-NC,70,upper extremity,acral palms or soles,Malignant,Malignant melanocytic proliferations (Melanoma),Melanoma in situ,dermoscopic,female
ISIC_1194491,International Dermoscopy Society,CC-BY-NC,75,lower extremity,acral palms or soles,Malignant,Malignant melanocytic proliferations (Melanoma),Melanoma Invasive,dermoscopic,male
ISIC_1225585,International Dermoscopy Society,CC-BY-NC,45,lower extremity,acral palms or soles,Benign,Benign melanocytic proliferations,Nevus,dermoscopic,female
ISIC_1391928,International Dermoscopy Society,CC-BY-NC,65,lower extremity,acral palms or soles,Malignant,Malignant melanocytic proliferations (Melanoma),Melanoma Invasive,dermoscopic,female
ISIC_1603933,International Dermoscopy Society,CC-BY-NC,75,lower extremity,acral palms or soles,Malignant,Malignant melanocytic proliferations (Melanoma),Melanoma in situ,dermoscopic,female
ISIC_1663010,International Dermoscopy Society,CC-BY-NC,35,lower extremity,acral palms or soles,Malignant,Malignant melanocytic proliferations (Melanoma),Melanoma Invasive,dermoscopic,male
ISIC_1712676,International Dermoscopy Society,CC-BY-NC,70,lower extremity,acral palms or soles,Malignant,Malignant melanocytic proliferations (Melanoma),Melanoma Invasive,dermoscopic,female
ISIC_1812976,International Dermoscopy Society,CC-BY-NC,55,lower extremity,acral palms or soles,Malignant,Malignant melanocytic proliferations (Melanoma),Melanoma in situ,dermoscopic,female
ISIC_2005504,International Dermoscopy Society,CC-BY-NC,40,lower extremity,acral palms or soles,Malignant,Malignant melanocytic proliferations (Melanoma),Melanoma in situ,dermoscopic,male
ISIC_2078832,International Dermoscopy Society,CC-BY-NC,65,lower extremity,acral palms or soles,Malignant,Malignant melanocytic proliferations (Melanoma),Melanoma in situ,dermoscopic,female
ISIC_2122804,International Dermoscopy Society,CC-BY-NC,75,,,Malignant,Malignant melanocytic proliferations (Melanoma),Melanoma Invasive,dermoscopic,female
ISIC_2175835,International Dermoscopy Society,CC-BY-NC,40,,,Malignant,Malignant melanocytic proliferations (Melanoma),Melanoma Invasive,dermoscopic,male
ISIC_2261475,International Dermoscopy Society,CC-BY-NC,70,,,Malignant,Malignant melanocytic proliferations (Melanoma),Melanoma in situ,dermoscopic,female
ISIC_2310644,International Dermoscopy Society,CC-BY-NC,55,lower extremity,acral palms or soles,Malignant,Malignant melanocytic proliferations (Melanoma),Melanoma Invasive,dermoscopic,female
ISIC_2452039,International Dermoscopy Society,CC-BY-NC,55,lower extremity,acral palms or soles,Malignant,Malignant melanocytic proliferations (Melanoma),Melanoma in situ,dermoscopic,male
ISIC_2509654,International Dermoscopy Society,CC-BY-NC,45,lower extremity,acral palms or soles,Benign,Benign melanocytic proliferations,Nevus,dermoscopic,female
ISIC_3142684,International Dermoscopy Society,CC-BY-NC,80,lower extremity,acral palms or soles,Malignant,Malignant melanocytic proliferations (Melanoma),Melanoma in situ,dermoscopic,female
ISIC_3474813,International Dermoscopy Society,CC-BY-NC,20,lower extremity,acral palms or soles,Malignant,Malignant melanocytic proliferations (Melanoma),Melanoma in situ,dermoscopic,female
ISIC_3558881,International Dermoscopy Society,CC-BY-NC,0,lower extremity,acral palms or soles,Benign,Benign melanocytic proliferations,Nevus,dermoscopic,male
ISIC_4240489,International Dermoscopy Society,CC-BY-NC,55,,,Malignant,Malignant melanocytic proliferations (Melanoma),Melanoma in situ,dermoscopic,female
ISIC_4289355,International Dermoscopy Society,CC-BY-NC,75,upper extremity,acral palms or soles,Malignant,Malignant melanocytic proliferations (Melanoma),Melanoma Invasive,dermoscopic,male
ISIC_4441584,International Dermoscopy Society,CC-BY-NC,60,lower extremity,acral palms or soles,Malignant,Malignant melanocytic proliferations (Melanoma),Melanoma Invasive,dermoscopic,female
ISIC_5171889,International Dermoscopy Society,CC-BY-NC,20,lower extremity,acral palms or soles,Benign,Benign melanocytic proliferations,Nevus,dermoscopic,female
ISIC_5178159,International Dermoscopy Society,CC-BY-NC,85,lower extremity,acral palms or soles,Malignant,Malignant melanocytic proliferations (Melanoma),Melanoma Invasive,dermoscopic,male
ISIC_5240127,International Dermoscopy Society,CC-BY-NC,55,lower extremity,acral palms or soles,Malignant,Malignant melanocytic proliferations (Melanoma),Melanoma Invasive,dermoscopic,female
ISIC_5353942,International Dermoscopy Society,CC-BY-NC,80,upper extremity,acral palms or soles,Malignant,Malignant melanocytic proliferations (Melanoma),Melanoma Invasive,dermoscopic,female
ISIC_5426283,International Dermoscopy Society,CC-BY-NC,35,lower extremity,acral palms or soles,Malignant,Malignant melanocytic proliferations (Melanoma),Melanoma in situ,dermoscopic,male
ISIC_5498443,International Dermoscopy Society,CC-BY-NC,65,,,Malignant,Malignant melanocytic proliferations (Melanoma),Melanoma Invasive,dermoscopic,female
ISIC_5506628,International Dermoscopy Society,CC-BY-NC,65,lower extremity,acral palms or soles,Malignant,Malignant melanocytic proliferations (Melanoma),Melanoma Invasive,dermoscopic,male
ISIC_5568259,International Dermoscopy Society,CC-BY-NC,40,lower extremity,acral palms or soles,Malignant,Malignant melanocytic proliferations (Melanoma),Melanoma Invasive,dermoscopic,male
ISIC_6075122,International Dermoscopy Society,CC-BY-NC,70,,,Malignant,Malignant melanocytic proliferations (Melanoma),Melanoma in situ,dermoscopic,female
ISIC_6591641,International Dermoscopy Society,CC-BY-NC,55,,,Malignant,Malignant melanocytic proliferations (Melanoma),Melanoma in situ,dermoscopic,female
ISIC_6671739,International Dermoscopy Society,CC-BY-NC,25,lower extremity,acral palms or soles,Benign,Benign melanocytic proliferations,Nevus,dermoscopic,female
ISIC_6779413,International Dermoscopy Society,CC-BY-NC,85,lower extremity,acral palms or soles,Malignant,Malignant melanocytic proliferations (Melanoma),Melanoma Invasive,dermoscopic,female
ISIC_7427737,International Dermoscopy Society,CC-BY-NC,10,lower extremity,acral palms or soles,Benign,Benign melanocytic proliferations,Nevus,dermoscopic,male
ISIC_7522225,International Dermoscopy Society,CC-BY-NC,35,,,Malignant,Malignant melanocytic proliferations (Melanoma),Melanoma in situ,dermoscopic,male
ISIC_7865861,International Dermoscopy Society,CC-BY-NC,65,lower extremity,acral palms or soles,Malignant,Malignant melanocytic proliferations (Melanoma),Melanoma in situ,dermoscopic,male
ISIC_7871997,International Dermoscopy Society,CC-BY-NC,70,lower extremity,acral palms or soles,Malignant,Malignant melanocytic proliferations (Melanoma),Melanoma Invasive,dermoscopic,male
ISIC_8328686,International Dermoscopy Society,CC-BY-NC,80,lower extremity,acral palms or soles,Malignant,Malignant melanocytic proliferations (Melanoma),Melanoma in situ,dermoscopic,female
ISIC_8584069,International Dermoscopy Society,CC-BY-NC,70,lower extremity,acral palms or soles,Malignant,Malignant melanocytic proliferations (Melanoma),Melanoma Invasive,dermoscopic,female
ISIC_8696456,International Dermoscopy Society,CC-BY-NC,70,lower extremity,acral palms or soles,Malignant,Malignant melanocytic proliferations (Melanoma),Melanoma in situ,dermoscopic,female
ISIC_8822606,International Dermoscopy Society,CC-BY-NC,85,upper extremity,acral palms or soles,Malignant,Malignant melanocytic proliferations (Melanoma),Melanoma Invasive,dermoscopic,female
ISIC_8839155,International Dermoscopy Society,CC-BY-NC,60,lower extremity,acral palms or soles,Malignant,Malignant melanocytic proliferations (Melanoma),Melanoma Invasive,dermoscopic,male
ISIC_8857559,International Dermoscopy Society,CC-BY-NC,75,,,Malignant,Malignant melanocytic proliferations (Melanoma),Melanoma Invasive,dermoscopic,female
ISIC_8900588,International Dermoscopy Society,CC-BY-NC,60,lower extremity,acral palms or soles,Malignant,Malignant melanocytic proliferations (Melanoma),Melanoma Invasive,dermoscopic,male
ISIC_9105056,International Dermoscopy Society,CC-BY-NC,60,lower extremity,acral palms or soles,Malignant,Malignant melanocytic proliferations (Melanoma),Melanoma Invasive,dermoscopic,female
ISIC_9869851,International Dermoscopy Society,CC-BY-NC,85,lower extremity,acral palms or soles,Malignant,Malignant melanocytic proliferations (Melanoma),Melanoma Invasive,dermoscopic,female
ISIC_9957003,International Dermoscopy Society,CC-BY-NC,35,lower extremity,acral palms or soles,Malignant,Malignant melanocytic proliferations (Melanoma),Melanoma Invasive,dermoscopic,female
